"","time","eps_nAChR_unbound","eps_helicase_unbound"
"1",0,0,0
"2",1,0.027489527971892,0.016677094970609
"3",2,0.106100287462861,0.0664816618510799
"4",3,0.132058606917988,0.0836540595792192
"5",4,0.13098711870995,0.0829377837565539
"6",5,0.120084481382745,0.0756861832552664
"7",6,0.10660731229152,0.0668135109037978
"8",7,0.0936621750323716,0.0583846794456001
"9",8,0.0824308364230506,0.0511448675377847
"10",9,0.0731829701180205,0.0452339232110833
"11",10,0.0657831169728777,0.0405365175746409
"12",11,0.0599474788169022,0.0368521650434613
"13",12,0.0553678032037436,0.0339730880229985
"14",13,0.0517649240197306,0.031715657859573
"15",14,0.0489066289286475,0.0299294772931911
"16",15,0.0466087806567371,0.02849654406272
"17",16,0.0447295960622189,0.0273266822203053
"18",17,0.0431619588479586,0.0263521392894011
"19",18,0.0418259574990684,0.0255225769875807
"20",19,0.0406624790758306,0.024800873444498
"21",20,0.0396280439817762,0.0241597884528253
"22",21,0.0386907909166325,0.0235793967538774
"23",22,0.0378274265477321,0.0230451514379596
"24",23,0.0370209425068216,0.0225464417130498
"25",24,0.0362589237469154,0.0220755282057026
"26",25,0.0611280457338748,0.037596097835486
"27",26,0.134038247530119,0.0849791299818309
"28",27,0.157909110973573,0.10113342209312
"29",28,0.156402542899301,0.100104142730716
"30",29,0.145635692002092,0.0927866334284117
"31",30,0.132437099914933,0.0839072321437635
"32",31,0.119734081513711,0.0754542258811073
"33",32,0.108641764702209,0.0681464803758355
"34",33,0.0994163598231266,0.062120118307439
"35",34,0.0919326435223718,0.0572654103352274
"36",35,0.0859254838537993,0.0533903261554886
"37",36,0.0811063020612588,0.05029549384314
"38",37,0.0772134312240367,0.0478045191139431
"39",38,0.0740289848789888,0.0457727963880658
"40",39,0.0713800028453166,0.0440867671325344
"41",40,0.0691331606460075,0.0426595728281725
"42",41,0.0671876138893436,0.041425891042562
"43",42,0.0654680351261646,0.0403371383519033
"44",43,0.0639186262188346,0.0393574452644145
"45",44,0.0624982840404778,0.038460455410926
"46",45,0.0611768380370141,0.0376268597439677
"47",46,0.0599321884435644,0.0368425345556293
"48",47,0.0587481619570226,0.0360971537480446
"49",48,0.057612921079235,0.0353831636126405
"50",49,0.0810259490509885,0.0502439964284861
"51",50,0.150675379329121,0.0962034224666407
"52",51,0.173354292166908,0.111762369910862
"53",52,0.171611257609814,0.110555802700915
"54",53,0.160938452561776,0.103207065717043
"55",54,0.147915475727881,0.0943304593445609
"56",55,0.135365437901892,0.0858687258096556
"57",56,0.124364717471382,0.0785251328682542
"58",57,0.115161803109024,0.0724337210334578
"59",58,0.107637529699299,0.0674882241103937
"60",59,0.10153772984581,0.0635017680552981
"61",60,0.0965853727365816,0.0602800937721819
"62",61,0.0925290682923532,0.0576512059234219
"63",62,0.089159352744568,0.0554740228347752
"64",63,0.0863098478052571,0.0536376931356184
"65",64,0.083852220084201,0.0520573829017548
"66",65,0.0816893350962735,0.0506692561971927
"67",66,0.079748585129651,0.0494258063271846
"68",67,0.0779761460743204,0.0482919352432891
"69",68,0.076332336704669,0.0472418338499949
"70",69,0.07478800419142,0.0462565773553036
"71",70,0.0733217729185857,0.045322308557635
"72",71,0.0719179816167461,0.0444288832124993
"73",72,0.0705651521110522,0.0435688688085439
"74",73,0.0692548604870712,0.0427368089899473
"75",74,0.0679809088784657,0.0419286853832525
"76",75,0.0667387198420409,0.041141524989278
"77",76,0.0655248945406774,0.0403731143483892
"78",77,0.064336890967825,0.0396217917387123
"79",78,0.0631727898855674,0.0388862962605794
"80",79,0.062031124676449,0.0381656582889414
"81",80,0.0609107578239584,0.0374591200502467
"82",81,0.0598107911880562,0.0367660779984206
"83",82,0.0587305009323833,0.0360860410668387
"84",83,0.0576692902276648,0.0354186003539057
"85",84,0.0566266550816797,0.0347634072374474
"86",85,0.0556021594761308,0.0341201574602609
"87",86,0.0545954173892227,0.0334885796265266
"88",87,0.0536060796479563,0.0328684267905487
"89",88,0.052633824504745,0.0322594704248296
"90",89,0.051678350939069,0.0316614961266776
"91",90,0.0507393736437401,0.0310743004017653
"92",91,0.049816619213273,0.0304976882162657
"93",92,0.0489098235068458,0.0299314712954518
"94",93,0.0480187300053153,0.0293754670516423
"95",94,0.0471430886113787,0.028829497794486
"96",95,0.0462826541218681,0.0282933897416602
"97",96,0.04543718657952,0.0277669732046105
"98",97,0.0446064493634164,0.0272500813679247
"99",98,0.0437902102107598,0.0267425508965893
"100",99,0.0429882398763406,0.0262442210741659
"101",100,0.0422003117282594,0.0257549335262958
"102",101,0.0414262027118376,0.0252745327947027
"103",102,0.0406656916045375,0.0248028652300644
"104",103,0.0399185621531526,0.024339780914788
"105",104,0.0391845988886621,0.0238851310449572
"106",105,0.0384635898194758,0.0234387695792736
"107",106,0.0377553280383692,0.0230005542107378
"108",107,0.0370596044618954,0.022570341853806
"109",108,0.036376216979596,0.022147994286083
"110",109,0.0357049654578993,0.0217333750367276
"111",110,0.0350456492789483,0.021326347850233
"112",111,0.0343980741385065,0.0209267808670013
"113",112,0.0337620467586115,0.0205345433401334
"114",113,0.0331373755981048,0.0201495060590205
"115",114,0.0325238735857961,0.01977154301776
"116",115,0.0319213547396464,0.0194005293151502
"117",116,0.0313296360996544,0.0190363423309515
"118",117,0.030748538111849,0.0186788619464884
"119",118,0.030177881813478,0.0183279687986009
"120",119,0.0296174926849492,0.0179835466353382
"121",120,0.0290671980370298,0.0176454806949453
"122",121,0.028526825398561,0.0173136567038572
"123",122,0.027996207868401,0.0169879641512969
"124",123,0.027475180576102,0.0166682941017982
"125",124,0.0269635816796198,0.0163545397956166
"126",125,0.0264612499011949,0.0160465951261959
"127",126,0.0259680220649149,0.0157443531226638
"128",127,0.0254837462717814,0.0154477140128216
"129",128,0.0250082702015874,0.0151565780405402
"130",129,0.0245414445047742,0.014870847534669
"131",130,0.0240831185306464,0.0145904242853787
"132",131,0.023633140730671,0.0143152097853814
"133",132,0.0231913710998133,0.014045112829394
"134",133,0.0227576682141921,0.0137800415741643
"135",134,0.0223318930953045,0.0135199058944198
"136",135,0.0219139063807633,0.0132646156466409
"137",136,0.0215035703564646,0.0130140819042196
"138",137,0.0211007530896515,0.0127682194723834
"139",138,0.0207053229011562,0.0125269435047862
"140",139,0.0203171500692932,0.0122901705372489
"141",140,0.0199361073515895,0.0120578187989545
"142",141,0.0195620692804361,0.0118298077759768
"143",142,0.0191949118320248,0.0116060580032508
"144",143,0.0188345130688319,0.0113864914501092
"145",144,0.0184807528550776,0.0111710313407847
"146",145,0.0181335148360253,0.0109596033536191
"147",146,0.0177926833769173,0.0107521337507316
"148",147,0.0174581439393516,0.0105485496025359
"149",148,0.0171297844029828,0.0103487795870538
"150",149,0.0168074944596273,0.0101527536158356
"151",150,0.0164911664379825,0.00996040333043414
"152",151,0.0161806937849761,0.00977166117387567
"153",152,0.0158759716809044,0.00958646076036328
"154",153,0.0155768972275501,0.00940473698511782
"155",154,0.0152833692724908,0.00922642591321325
"156",155,0.01499528801373,0.00905146453529913
"157",156,0.0147125556918802,0.00887979118405923
"158",157,0.0144350761223204,0.00871134524609431
"159",158,0.0141627546958552,0.00854606715862586
"160",159,0.0138954983805997,0.00838389840705517
"161",160,0.0136332157334031,0.00822478152841668
"162",161,0.0133758167766914,0.00806866003331041
"163",162,0.0131232130323719,0.00791547842326378
"164",163,0.0128753174733492,0.00776518215821973
"165",164,0.0126320446368136,0.0076177177222072
"166",165,0.0123933131433332,0.00747303414692537
"167",166,0.012159039129208,0.0073310790282302
"168",167,0.0119291414894932,0.00719180170172163
"169",168,0.0117035404038658,0.00705515234653672
"170",169,0.0114821572920923,0.00692108195591509
"171",170,0.0112649147690417,0.00678954230759132
"172",171,0.0110517365992575,0.00666048593402086
"173",172,0.0108425476511067,0.00653386609244533
"174",173,0.0106372738505186,0.00640963673480333
"175",174,0.0104358427934178,0.0062877528762669
"176",175,0.0102381900822973,0.00616817442627318
"177",176,0.0100442422549118,0.00605085585778113
"178",177,0.00985393108694424,0.00593575485990193
"179",178,0.00966718956111048,0.00582282989682416
"180",179,0.00948395184953233,0.00571204019538966
"181",180,0.00930415362995756,0.00560334593454125
"182",181,0.00912773232234678,0.00549670838653056
"183",182,0.00895462534617251,0.00539208886194029
"184",183,0.00878477179087011,0.0052894497179908
"185",184,0.00861811190249746,0.00518875404670208
"186",185,0.00845458706898286,0.00508996566454533
"187",186,0.008294138842735,0.00499304852071272
"188",187,0.00813670990693067,0.00489796727971387
"189",188,0.00798224509908961,0.00480468793815255
"190",189,0.00783068965464599,0.00471317676259374
"191",190,0.00768198977819279,0.00462340063347842
"192",191,0.00753609262056362,0.00453532703016372
"193",192,0.00739294603308989,0.00444892388151849
"194",193,0.00725249894218574,0.0043641597910186
"195",194,0.00711470117537129,0.00428100393070179
"196",195,0.0069795033452207,0.00419942597017516
"197",196,0.00684685687831221,0.00411939609317735
"198",197,0.00671671399019631,0.00404088498159324
"199",198,0.00658902949697506,0.00396386490730354
"200",199,0.00646375671969717,0.00388830726069212
"201",200,0.00634085050586897,0.00381418437268499
"202",201,0.00622026653132334,0.00374146909278433
"203",202,0.00610196122361674,0.0036701347421228
"204",203,0.00598589197713574,0.00360015524243429
"205",204,0.00587201819818252,0.00353150574531089
"206",205,0.00576029805671337,0.00346416067322567
"207",206,0.00565069124657139,0.0033980953830773
"208",207,0.00554315819320782,0.00333328568787311
"209",208,0.00543766003927778,0.00326970784744754
"210",209,0.00533415878052938,0.00320733864976594
"211",210,0.00523261724918739,0.00314615540031897
"212",211,0.00513299859131249,0.00308613560667616
"213",212,0.00503526679780054,0.00302725729794462
"214",213,0.00493938652462151,0.00296949891594502
"215",214,0.00484532307940298,0.00291283930664943
"216",215,0.00475304236862104,0.00285725768791211
"217",216,0.00466251093604916,0.00280273367218846
"218",217,0.00457369596427647,0.00274924726701786
"219",218,0.00448656521153623,0.00269677883656628
"220",219,0.00440108701610375,0.00264530910388252
"221",220,0.0043172302821978,0.0025948191420294
"222",221,0.00423496471148331,0.00254529051309135
"223",222,0.00415426031019287,0.00249670497106274
"224",223,0.00407508763149154,0.00244904460745044
"225",224,0.003997417791179,0.00240229186039634
"226",225,0.00392122241429986,0.00235642948222128
"227",226,0.0038464736351114,0.00231144053910396
"228",227,0.00377314475380084,0.00226730880601116
"229",228,0.00370120864958413,0.00222401781133453
"230",229,0.00363063902521129,0.00218155158565573
"231",230,0.00356141005587161,0.0021398944501683
"232",231,0.00349349637780111,0.0020990310095722
"233",232,0.00342687319041217,0.00205894621327881
"234",233,0.00336151649533005,0.0020196254989697
"235",234,0.00329740212625893,0.00198105420869936
"236",235,0.00323450660498379,0.00194321810370682
"237",236,0.00317280688363858,0.0019061032091363
"238",237,0.0031122803350329,0.00186969580801806
"239",238,0.00305290486236514,0.00183398250706441
"240",239,0.00299465882203697,0.00179895019004499
"241",240,0.00293752076077459,0.00176458585950334
"242",241,0.00288146972020116,0.00173087681977893
"243",242,0.00282648512785675,0.00169781061129114
"244",243,0.00277254678834732,0.00166537500505706
"245",244,0.00271963499470896,0.00163355806950206
"246",245,0.002667730331217,0.00160234805172971
"247",246,0.00261681368472885,0.00157173338420873
"248",247,0.00256686633410369,0.00154170273840478
"249",248,0.00251786989973273,0.0015122449943005
"250",249,0.00246980633518142,0.00148334923524425
"251",250,0.00242265814481351,0.00145500487865611
"252",251,0.00237640790420824,0.00142720138758829
"253",252,0.00233103855850279,0.00139992844998009
"254",253,0.00228653338545684,0.00137317595634142
"255",254,0.00224287596616668,0.00134693398204254
"256",255,0.00220005019941351,0.00132119279583768
"257",256,0.00215804054133167,0.0012959430038156
"258",257,0.00211683135890352,0.00127117516071926
"259",258,0.00207640744901708,0.00124688008184624
"260",259,0.00203675388735842,0.00122304875213519
"261",260,0.0019978560217149,0.00119967232205803
"262",261,0.00195969953124892,0.00117674214315989
"263",262,0.00192227047953687,0.00115424979984863
"264",263,0.00188555494648862,0.00113218688812807
"265",264,0.00184953937077078,0.0011105452213064
"266",265,0.00181421044138251,0.00108931676476895
"267",266,0.00177955509174143,0.00106849363235844
"268",267,0.0017455605809435,0.00104806813513523
"269",268,0.00171221440302779,0.00102803272679331
"270",269,0.00167950417744263,0.00100837993779276
"271",270,0.00164741780824957,0.000989102470959682
"272",271,0.00161594342296904,0.000970193164686817
"273",272,0.00158506936722811,0.000951644989665503
"274",273,0.00155478430945577,0.000933451111730327
"275",274,0.00152507704139049,0.000915604771960974
"276",275,0.00149593654110311,0.000898099324500692
"277",276,0.00146735201808661,0.000880928263598115
"278",277,0.00143931288047307,0.000864085203869345
"279",278,0.00141180873015213,0.000847563877323826
"280",279,0.00138482951174151,0.000831358222805611
"281",280,0.00135836516890103,0.000815462179509099
"282",281,0.00133240588959637,0.000799869834269058
"283",282,0.00130694204892763,0.000784575387182204
"284",283,0.00128196419884793,0.000769573145397074
"285",284,0.00125746308352286,0.000754857532305794
"286",285,0.00123342973371284,0.000740423144196337
"287",286,0.00120985516968964,0.000726264571792482
"288",287,0.00118673064743358,0.000712376548093001
"289",288,0.00116404758478091,0.000698753903986264
"290",289,0.00114179755751447,0.000685391565875027
"291",290,0.00111997233828586,0.000672284579024299
"292",291,0.00109856389594174,0.000659428107129231
"293",292,0.00107756423814092,0.00064681733777727
"294",293,0.00105696556985849,0.00063444757761326
"295",294,0.00103676024061589,0.000622314220625978
"296",295,0.00101694074099193,0.000610412746031264
"297",296,0.000997499759208572,0.000598738752229614
"298",297,0.00097843010032894,0.000587287908264166
"299",298,0.000959724654502832,0.000576055934734875
"300",299,0.000941376473077309,0.000565038649482786
"301",300,0.00092337873620483,0.000554231948121226
"302",301,0.000905724749704823,0.000543631802134061
"303",302,0.00088840801937546,0.000533234303477842
"304",303,0.000871422098476722,0.00052303557298867
"305",304,0.000854760661938442,0.000513031804925135
"306",305,0.000838417515528047,0.0005032192724577
"307",306,0.000822386579638308,0.000493594317920122
"308",307,0.000806661887622787,0.000484153351796335
"309",308,0.000791237675161126,0.000474892906360347
"310",309,0.000776108163279711,0.000465809505391694
"311",310,0.000761267726124186,0.000456899764892546
"312",311,0.0007467108424394,0.000448160363944804
"313",312,0.000732432093035288,0.000439588043177388
"314",313,0.000718426173938143,0.000431179612650645
"315",314,0.000704687932134635,0.000422931973303862
"316",315,0.00069121222220114,0.000414842030873493
"317",316,0.000677994030269982,0.000406906770306447
"318",317,0.000665028435701924,0.000399123232740803
"319",318,0.000652310608821459,0.000391488514137277
"320",319,0.000639835837377869,0.000383999781155333
"321",320,0.000627599509903222,0.000376654261153814
"322",321,0.000615597048310327,0.000369449201721428
"323",322,0.000603823984618571,0.000362381916728308
"324",323,0.000592275933927045,0.000355449770094045
"325",324,0.000580948592388564,0.000348650174564398
"326",325,0.0005698377751091,0.000341980614454448
"327",326,0.000558939352782004,0.000335438607604495
"328",327,0.000548249253664303,0.000329021706560606
"329",328,0.00053776349637977,0.000322727518259301
"330",329,0.000527478173526574,0.000316553694181716
"331",330,0.000517389449860378,0.000310497929257348
"332",331,0.000507493611105591,0.000304557991157244
"333",332,0.00049778695744454,0.000298731656355648
"334",333,0.000488265868426863,0.0002930167490871
"335",334,0.000478926796353789,0.000287411137370376
"336",335,0.00046976625936296,0.000281912728853016
"337",336,0.000460780843227986,0.000276519471886961
"338",337,0.00045196724386896,0.000271229381039698
"339",338,0.000443322153370557,0.000266040468675717
"340",339,0.000434842350568948,0.000260950799324953
"341",340,0.00042652467436266,0.000255958473659447
"342",341,0.000418366022253736,0.000251061627614036
"343",342,0.000410363360594322,0.000246258438532757
"344",343,0.000402513735381368,0.000241547131644112
"345",344,0.000394814202913347,0.000236925938438222
"346",345,0.000387261893269171,0.000232393134763643
"347",346,0.000379853990010118,0.000227947028641407
"348",347,0.000372587728874905,0.000223585959478883
"349",348,0.000365460415696689,0.000219308308820296
"350",349,0.000358469407337382,0.000215112488900992
"351",350,0.000351612085395315,0.000210996926864976
"352",351,0.000344885893017321,0.000206960086856142
"353",352,0.000338288320966962,0.000203000461654309
"354",353,0.000331816906456855,0.000199116571972087
"355",354,0.000325469257941958,0.000195306981332489
"356",355,0.000319243008795442,0.0001915702682648
"357",356,0.000313135830812319,0.000187905034407016
"358",357,0.00030714544611052,0.000184309911646326
"359",358,0.00030126961918811,0.000180783557350257
"360",359,0.000295506155877627,0.000177324653737283
"361",360,0.00028985293452155,0.000173931926584661
"362",361,0.000284307834451763,0.000170604102304207
"363",362,0.0002788687862361,0.00016733993809583
"364",363,0.000273533760560995,0.000164138215273907
"365",364,0.000268300765825134,0.000160997737821622
"366",365,0.000263167850821524,0.000157917333999073
"367",366,0.000258133123781416,0.000154895867770533
"368",367,0.000253194693524488,0.000151932203485772
"369",368,0.000248350717833254,0.000149025234909578
"370",369,0.000243599388887381,0.000146173876479221
"371",370,0.000238938932425931,0.000143377062800486
"372",371,0.00023436761527928,0.000140633753166511
"373",372,0.000229883745954223,0.000137942931907699
"374",373,0.000225485642006376,0.000135303588810461
"375",374,0.00022117166236968,0.000132714738517544
"376",375,0.000216940196592457,0.000130175414067442
"377",376,0.000212789664087987,0.000127684666443705
"378",377,0.000208718526096979,0.000125241571752693
"379",378,0.000204725269065733,0.000122845221247829
"380",379,0.00020080839680619,0.000120494716624061
"381",380,0.000196966447473859,0.000118189180205498
"382",381,0.000193197986469294,0.00011592775068478
"383",382,0.000189501605767598,0.000113709582719965
"384",383,0.000185875939901745,0.000111533856525212
"385",384,0.000182319633516816,0.000109399758399633
"386",385,0.000178831356543852,0.000107306489832368
"387",386,0.000175409806804171,0.000105253269064739
"388",387,0.000172053706361848,0.000103239328900781
"389",388,0.000168761801034206,0.000101263916412889
"390",389,0.0001655328795048,9.93263044105516e-05
"391",390,0.000162365727406165,9.74257638857073e-05
"392",391,0.000159259162692521,9.55615852387327e-05
"393",392,0.000156212025424215,9.37330721477486e-05
"394",393,0.00015322317723089,9.1939541245983e-05
"395",394,0.000150291503836122,9.01803236362554e-05
"396",395,0.000147415922770955,8.84547695191621e-05
"397",396,0.000144595353573427,8.67622303102035e-05
"398",397,0.000141828743349347,8.51020739776918e-05
"399",398,0.000139115058875131,8.34736803034588e-05
"400",399,0.000136453286117541,8.18764405942746e-05
"401",400,0.000133842435551492,8.0309760872493e-05
"402",401,0.000131281539169616,7.87730600811986e-05
"403",402,0.00012876963596159,7.72657613705399e-05
"404",403,0.000126305788086668,7.57873018019532e-05
"405",404,0.000123889075207117,7.4337128947534e-05
"406",405,0.000121518594058645,7.29147006319501e-05
"407",406,0.000119193466324742,7.15194896571978e-05
"408",407,0.000116912825704983,7.01509760425235e-05
"409",408,0.000114675817734163,6.88086469156384e-05
"410",409,0.000112481607061169,6.74920008801907e-05
"411",410,0.000110329373908127,6.62005458907883e-05
"412",411,0.000108218313686126,6.49337990221681e-05
"413",412,0.000106147647196262,6.36912925900993e-05
"414",413,0.000104116598542506,6.24725608977208e-05
"415",414,0.000102124408271865,6.12771481201161e-05
"416",415,0.000100170332327035,6.01046076756309e-05
"417",416,9.82536405057813e-05,5.89545013012196e-05
"418",417,9.63736167538874e-05,5.78263992280274e-05
"419",418,9.45295682974179e-05,5.67198856609729e-05
"420",419,9.27208015194556e-05,5.56345443034894e-05
"421",420,9.09466410492409e-05,5.45699698117271e-05
"422",421,8.92064241492768e-05,5.35257644263838e-05
"423",422,8.74995004078557e-05,5.25015377880443e-05
"424",423,8.58252337759468e-05,5.14969081592406e-05
"425",424,8.41830050666203e-05,5.05115039240485e-05
"426",425,8.25721972475655e-05,4.95449547628502e-05
"427",426,8.09922087767652e-05,4.85968996541562e-05
"428",427,7.94424493521985e-05,4.76669843241143e-05
"429",428,7.79223396368227e-05,4.67548610813595e-05
"430",429,7.6431314905647e-05,4.58601910052684e-05
"431",430,7.49688213457499e-05,4.49826417257024e-05
"432",431,7.35343102286386e-05,4.41218839261034e-05
"433",432,7.21272457732647e-05,4.32775960614819e-05
"434",433,7.07471021986178e-05,4.24494625897579e-05
"435",434,6.93933634777504e-05,4.16371738240652e-05
"436",435,6.80655284584169e-05,4.08404290052032e-05
"437",436,6.67631014181865e-05,4.00589306342914e-05
"438",437,6.54855945408513e-05,3.9292385958613e-05
"439",438,6.42325306189288e-05,3.85405085931166e-05
"440",439,6.30034413413588e-05,3.78030174928933e-05
"441",440,6.17978670735019e-05,3.70796368210881e-05
"442",441,6.06153633179385e-05,3.6370099825489e-05
"443",442,5.94554859834416e-05,3.56741399993972e-05
"444",443,5.83178015675802e-05,3.4991497191424e-05
"445",444,5.72018850336864e-05,3.43219163315367e-05
"446",445,5.61073192592855e-05,3.36651471000338e-05
"447",446,5.50336955475939e-05,3.3020944234393e-05
"448",447,5.39806177587126e-05,3.23890700080306e-05
"449",448,5.29476898260361e-05,3.17692867397578e-05
"450",449,5.1934525964449e-05,3.1161362918914e-05
"451",450,5.09407476049393e-05,3.0565071365998e-05
"452",451,4.9965983218618e-05,2.99801891270215e-05
"453",452,4.90098698361844e-05,2.94064983851739e-05
"454",453,4.80720533285779e-05,2.88437866291663e-05
"455",454,4.71521814071799e-05,2.8291842453143e-05
"456",455,4.62499104710411e-05,2.77504596651347e-05
"457",456,4.53649033389783e-05,2.72194359262189e-05
"458",457,4.44968290921866e-05,2.66985726560418e-05
"459",458,4.36453655220065e-05,2.61876765014891e-05
"460",459,4.28101958225983e-05,2.56865573521791e-05
"461",460,4.19910067452798e-05,2.51950272329912e-05
"462",461,4.11874922608346e-05,2.4712902501493e-05
"463",462,4.03993520511547e-05,2.42400029428578e-05
"464",463,3.96262913684827e-05,2.37761516853754e-05
"465",464,3.88680243316037e-05,2.3321177178195e-05
"466",465,3.81242673001811e-05,2.287490921577e-05
"467",466,3.73947418373254e-05,2.24371807154274e-05
"468",467,3.66791753771542e-05,2.20078281178874e-05
"469",468,3.59773004342614e-05,2.15866909129026e-05
"470",469,3.52888544778345e-05,2.11736115636996e-05
"471",470,3.46135839978095e-05,2.07684379467143e-05
"472",471,3.39512348316918e-05,2.03710175474953e-05
"473",472,3.33015595811954e-05,1.99812019107916e-05
"474",473,3.26643154844311e-05,1.95988453638059e-05
"475",474,3.20392642988151e-05,1.9223804945916e-05
"476",475,3.14261727996732e-05,1.88559407078243e-05
"477",476,3.08248144839351e-05,1.84951167337779e-05
"478",477,3.02349632296727e-05,1.81411973371774e-05
"479",478,2.96563986990826e-05,1.77940503024296e-05
"480",479,2.90889046750177e-05,1.74535458868236e-05
"481",480,2.8532268960309e-05,1.71195567601046e-05
"482",481,2.79862844585498e-05,1.67919586529425e-05
"483",482,2.74507486451776e-05,1.64706300395566e-05
"484",483,2.69254604157527e-05,1.61554502466261e-05
"485",484,2.64102235292639e-05,1.58463015193044e-05
"486",485,2.5904845410437e-05,1.55430683025748e-05
"487",486,2.54091370596987e-05,1.52456371872132e-05
"488",487,2.49229146689316e-05,1.49538978792473e-05
"489",488,2.44459970172485e-05,1.46677416373764e-05
"490",489,2.3978205308569e-05,1.43870611755041e-05
"491",490,2.35193647630944e-05,1.41117516176302e-05
"492",491,2.30693038619602e-05,1.38417100446221e-05
"493",492,2.26278542667176e-05,1.35768354458921e-05
"494",493,2.21948529230396e-05,1.33170299816325e-05
"495",494,2.17701375411977e-05,1.30621962710424e-05
"496",495,2.13535492162176e-05,1.28122389644407e-05
"497",496,2.09449322821502e-05,1.25670646558174e-05
"498",497,2.05441339737816e-05,1.23265816798471e-05
"499",498,2.01510044712023e-05,1.20907001386224e-05
"500",499,1.97653988623239e-05,1.18593330791738e-05
"501",500,1.93871720341559e-05,1.16323934281786e-05
"502",501,1.90161826993257e-05,1.14097964079046e-05
"503",502,1.865229221509e-05,1.11914588275982e-05
"504",503,1.8295364518943e-05,1.09772990448408e-05
"505",504,1.79452665370867e-05,1.07672372106287e-05
"506",505,1.76018687620417e-05,1.05611956159367e-05
"507",506,1.72650421107345e-05,1.03590968065377e-05
"508",507,1.69346607489912e-05,1.01608652777173e-05
"509",508,1.66106011952975e-05,9.96642693651579e-06
"510",509,1.62927422632151e-05,9.77570906717238e-06
"511",510,1.59809658058898e-05,9.58864077783002e-06
"512",511,1.56751560002362e-05,9.40515257103525e-06
"513",512,1.53751980574197e-05,9.22517557001242e-06
"514",513,1.50809799059859e-05,9.04864252855001e-06
"515",514,1.47923915673407e-05,8.87548745627872e-06
"516",515,1.45093251042539e-05,8.7056455877692e-06
"517",516,1.42316756734588e-05,8.53905401409422e-06
"518",517,1.39593396102692e-05,8.37565053358162e-06
"519",518,1.36922148716115e-05,8.21537391763285e-06
"520",519,1.34302016432015e-05,8.05816427502933e-06
"521",520,1.31732019724474e-05,7.90396283166794e-06
"522",521,1.29211197223989e-05,7.75271190292684e-06
"523",522,1.26738619046994e-05,7.60435569344121e-06
"524",523,1.24313356596073e-05,7.45883848509432e-06
"525",524,1.2193450308221e-05,7.31610586836192e-06
"526",525,1.19601169525765e-05,7.17610450236556e-06
"527",526,1.17312483507168e-05,7.03878203991018e-06
"528",527,1.1506759013645e-05,6.90408718565397e-06
"529",528,1.12865661007115e-05,6.77197023334274e-06
"530",529,1.10705867712583e-05,6.64238147677921e-06
"531",530,1.0858740339653e-05,6.51527250285274e-06
"532",531,1.06509476300885e-05,6.39059580441357e-06
"533",532,1.04471309397577e-05,6.26830475817484e-06
"534",533,1.02472143461829e-05,6.14835380910947e-06
"535",534,1.00511237990704e-05,6.03069852556125e-06
"536",535,9.85878561620056e-06,5.91529469676925e-06
"537",536,9.67012793729665e-06,5.80209920519464e-06
"538",537,9.48508024519036e-06,5.69106973921548e-06
"539",538,9.30357333289031e-06,5.58216477336592e-06
"540",539,9.12553980473882e-06,5.47534386903066e-06
"541",540,8.9509134194909e-06,5.37056728028764e-06
"542",541,8.77962866146705e-06,5.26779569659626e-06
"543",542,8.61162153020948e-06,5.16699071659309e-06
"544",543,8.44682922002558e-06,5.06811465581494e-06
"545",544,8.28519009053908e-06,4.97113052902801e-06
"546",545,8.12664434513898e-06,4.87600245729851e-06
"547",546,7.97113268118596e-06,4.78269485810969e-06
"548",547,7.81859686462116e-06,4.69117279012824e-06
"549",548,7.66897989491436e-06,4.60140205217254e-06
"550",549,7.52222583431014e-06,4.51334908075851e-06
"551",550,7.37827978149352e-06,4.42698093429768e-06
"552",551,7.23708871097515e-06,4.3422657967302e-06
"553",552,7.09859948674562e-06,4.25917178570923e-06
"554",553,6.96276036682275e-06,4.17766785533371e-06
"555",554,6.82952058479839e-06,4.09772354507395e-06
"556",555,6.6988303196021e-06,4.01930896162876e-06
"557",556,6.57064079376397e-06,3.94239483788252e-06
"558",557,6.44490464865183e-06,3.86695275804782e-06
"559",558,6.32157459576085e-06,3.79295434843405e-06
"560",559,6.20060455888085e-06,3.72037196275065e-06
"561",560,6.08194932371247e-06,3.6491784718749e-06
"562",561,5.96556451680857e-06,3.57934725121592e-06
"563",562,5.85140682537022e-06,3.5108523125922e-06
"564",563,5.73943390660784e-06,3.44366824984723e-06
"565",564,5.62960370423127e-06,3.37776982874098e-06
"566",565,5.52187518193753e-06,3.31313242704401e-06
"567",566,5.41620807014784e-06,3.24973188257833e-06
"568",567,5.31256284717629e-06,3.18754448191793e-06
"569",568,5.21090107074358e-06,3.12654715929732e-06
"570",569,5.11118485417726e-06,3.06671718232972e-06
"571",570,5.01337680661254e-06,3.0080321161269e-06
"572",571,4.91744038023242e-06,2.95047003164364e-06
"573",572,4.82333970925017e-06,2.8940094090663e-06
"574",573,4.73103959306954e-06,2.83862912770844e-06
"575",574,4.64050592974305e-06,2.78430872608629e-06
"576",575,4.55170479226007e-06,2.73102784768906e-06
"577",576,4.4646029495141e-06,2.67876655356008e-06
"578",577,4.37916785109428e-06,2.62750531317129e-06
"579",578,4.29536755326394e-06,2.57722496000975e-06
"580",579,4.21317072482466e-06,2.52790669509579e-06
"581",580,4.13254706826949e-06,2.47953233967534e-06
"582",581,4.05346623874612e-06,2.43208368659532e-06
"583",582,3.97589869281361e-06,2.3855430095591e-06
"584",583,3.89981544012513e-06,2.33989291413529e-06
"585",584,3.82518802996214e-06,2.29511632967789e-06
"586",585,3.75198863305476e-06,2.25119655841842e-06
"587",586,3.68019017380851e-06,2.20811735480182e-06
"588",587,3.60976565945281e-06,2.16586252297415e-06
"589",588,3.54068877820068e-06,2.12441627567916e-06
"590",589,3.47293371028453e-06,2.08376312087919e-06
"591",590,3.40647511591457e-06,2.04388785452999e-06
"592",591,3.34128828725757e-06,2.0047756517679e-06
"593",592,3.27734901074845e-06,1.96641198429642e-06
"594",593,3.21463328267176e-06,1.92878244973436e-06
"595",594,3.15311766929803e-06,1.89187298769807e-06
"596",595,3.0927791745743e-06,1.85566980041535e-06
"597",596,3.03359522935618e-06,1.82015934626439e-06
"598",597,2.97554390773002e-06,1.78532846956731e-06
"599",598,2.91860353892525e-06,1.75116416773672e-06
"600",599,2.86275278442348e-06,1.71765363754118e-06
"601",600,2.80797077365291e-06,1.68478435652184e-06
"602",601,2.75423702536642e-06,1.65254403581904e-06
"603",602,2.70153143801258e-06,1.62092061439475e-06
"604",603,2.64983456463105e-06,1.58990242396999e-06
"605",604,2.59912699411271e-06,1.55947781777998e-06
"606",605,2.54938976419795e-06,1.52963541837352e-06
"607",606,2.50060428703395e-06,1.5003640729471e-06
"608",607,2.45275232107251e-06,1.47165283648347e-06
"609",608,2.40581598926887e-06,1.4434909826708e-06
"610",609,2.35977797283089e-06,1.4158681201523e-06
"611",610,2.31462094965965e-06,1.38877385558982e-06
"612",611,2.27032804914321e-06,1.36219806654051e-06
"613",612,2.22688271639869e-06,1.33613082000186e-06
"614",613,2.18426870457258e-06,1.31056236779169e-06
"615",614,2.14247013695391e-06,1.28548318381608e-06
"616",615,2.10147153307483e-06,1.26088397972961e-06
"617",616,2.06125748580139e-06,1.23675551118945e-06
"618",617,2.02181296994063e-06,1.21308876301981e-06
"619",618,1.9831232411614e-06,1.18987488856426e-06
"620",619,1.94517382910905e-06,1.16710520555443e-06
"621",620,1.9079506399899e-06,1.14477125766076e-06
"622",621,1.87143982640255e-06,1.12286473639104e-06
"623",622,1.83562768875785e-06,1.10137742194227e-06
"624",623,1.80050084535952e-06,1.08030128524906e-06
"625",624,1.76604616434939e-06,1.05962844715074e-06
"626",625,1.73225075755037e-06,1.03935117469697e-06
"627",626,1.69910212008149e-06,1.01946196491689e-06
"628",627,1.66658785554413e-06,9.9995337993054e-07
"629",628,1.63469578684925e-06,9.80818113445247e-07
"630",629,1.60341399597351e-06,9.62049014609248e-07
"631",630,1.57273078712856e-06,9.43639065913222e-07
"632",631,1.54263468125531e-06,9.2558137988676e-07
"633",632,1.51311458926588e-06,9.07869303043645e-07
"634",633,1.48415940429811e-06,8.90496171234175e-07
"635",634,1.45575830666771e-06,8.73455492616659e-07
"636",635,1.42790068188028e-06,8.56740898464532e-07
"637",636,1.40057611311745e-06,8.40346138657964e-07
"638",637,1.37377440053945e-06,8.24265093265386e-07
"639",638,1.34748564368703e-06,8.08491821984668e-07
"640",639,1.32169995473209e-06,7.9302039209326e-07
"641",640,1.29640769986244e-06,7.77845023279172e-07
"642",641,1.27159942549447e-06,7.62960043368501e-07
"643",642,1.24726585387055e-06,7.48359885683821e-07
"644",643,1.22339792773276e-06,7.3403911584843e-07
"645",644,1.19998679551644e-06,7.19992422902424e-07
"646",645,1.17702366335028e-06,7.06214530502654e-07
"647",646,1.15449995122725e-06,6.9270029062533e-07
"648",647,1.13240723946384e-06,6.79444651441519e-07
"649",648,1.11073726476312e-06,6.66442654954949e-07
"650",649,1.08948198821754e-06,6.53689477803688e-07
"651",650,1.06863349009383e-06,6.41180368131023e-07
"652",651,1.04818395196661e-06,6.28910634865581e-07
"653",652,1.0281257323281e-06,6.16875693087172e-07
"654",653,1.00845133228341e-06,6.05071043443924e-07
"655",654,9.89153392029991e-07,5.93492270039952e-07
"656",655,9.70224780155734e-07,5.82135094014198e-07
"657",656,9.51658404929164e-07,5.70995260314474e-07
"658",657,9.33447317642037e-07,5.60068599703035e-07
"659",658,9.15584712599347e-07,5.4935102875057e-07
"660",659,8.98063910961229e-07,5.38838540141316e-07
"661",660,8.80878361252581e-07,5.28527202978819e-07
"662",661,8.64021729661736e-07,5.18413216965155e-07
"663",662,8.47487671353397e-07,5.08492775188581e-07
"664",663,8.3127000934653e-07,4.98762171450332e-07
"665",664,8.15362682310549e-07,4.89217768942294e-07
"666",665,7.99759741750191e-07,4.79855998557918e-07
"667",666,7.84455368368463e-07,4.70673368709978e-07
"668",667,7.6944390209145e-07,4.61666483345454e-07
"669",668,7.54719698920184e-07,4.52831956056589e-07
"670",669,7.40277257568714e-07,4.44166486063768e-07
"671",670,7.26111179630525e-07,4.35666834315339e-07
"672",671,7.12216167061191e-07,4.27329821977197e-07
"673",672,6.98587053188829e-07,4.19152349039059e-07
"674",673,6.85218776414178e-07,4.11131378534483e-07
"675",674,6.72106317672752e-07,4.03263899018137e-07
"676",675,6.59244777438136e-07,3.95546970767792e-07
"677",676,6.46629347700101e-07,3.8797770897117e-07
"678",677,6.34255309713531e-07,3.80553282375295e-07
"679",678,6.22118078446564e-07,3.73270939955378e-07
"680",679,6.10213124012747e-07,3.66127963774084e-07
"681",680,5.98535984570417e-07,3.59121676721149e-07
"682",681,5.87082296509102e-07,3.5224946062523e-07
"683",682,5.75847777624096e-07,3.45508746158635e-07
"684",683,5.64828225103503e-07,3.38897011629541e-07
"685",684,5.54019572213097e-07,3.32411816992919e-07
"686",685,5.43417761567469e-07,3.26050727813184e-07
"687",686,5.33018828137879e-07,3.19811365068919e-07
"688",687,5.22818885592383e-07,3.13691396956944e-07
"689",688,5.12814120009319e-07,3.07688535120401e-07
"690",689,5.03000793252199e-07,3.01800536673683e-07
"691",690,4.93375284835539e-07,2.96025229321936e-07
"692",691,4.83933972891471e-07,2.90360439940995e-07
"693",692,4.74673330129916e-07,2.84804052153505e-07
"694",693,4.65589895277417e-07,2.79353989192208e-07
"695",694,4.56680271467515e-07,2.74008212934167e-07
"696",695,4.47941138782106e-07,2.68764731425575e-07
"697",696,4.39369261140297e-07,2.6362160301507e-07
"698",697,4.30961417037216e-07,2.58576894796995e-07
"699",698,4.22714465026772e-07,2.53628721901075e-07
"700",699,4.14625322388893e-07,2.48775234692741e-07
"701",700,4.06690963690154e-07,2.44014617909508e-07
"702",701,3.98908441775465e-07,2.39345103255992e-07
"703",702,3.91274862044298e-07,2.34764953969629e-07
"704",703,3.83787359988969e-07,2.30272451343644e-07
"705",704,3.76443137787942e-07,2.25865916683035e-07
"706",705,3.69239449858796e-07,2.21543702636347e-07
"707",706,3.62173601571105e-07,2.173041924234e-07
"708",707,3.5524297797251e-07,2.13145817070928e-07
"709",708,3.48444987869023e-07,2.09067021860756e-07
"710",709,3.41777085062804e-07,2.05066279072465e-07
"711",710,3.35236777758191e-07,2.01142093627005e-07
"712",711,3.28821620626986e-07,1.97292998325873e-07
"713",712,3.22529213657493e-07,1.93517553160521e-07
"714",713,3.16357237906438e-07,1.89814366763522e-07
"715",714,3.10303371819892e-07,1.86182046201102e-07
"716",715,3.0436535299363e-07,1.82619234029365e-07
"717",716,2.98540962174134e-07,1.79124598694892e-07
"718",717,2.92828021440227e-07,1.75696833443719e-07
"719",718,2.87224397980887e-07,1.7233465858802e-07
"720",719,2.8172802214292e-07,1.69036832334717e-07
"721",720,2.76336826491099e-07,1.65802114221552e-07
"722",721,2.71048796810845e-07,1.62629295718697e-07
"723",722,2.65861956571575e-07,1.59517190906766e-07
"724",723,2.60774366006365e-07,1.56464635924605e-07
"725",724,2.55784131186104e-07,1.53470494413789e-07
"726",725,2.50889401784433e-07,1.50533656177579e-07
"727",726,2.46088339077773e-07,1.47653017980938e-07
"728",727,2.41379149180633e-07,1.44827503491716e-07
"729",728,2.36760071729552e-07,1.42056056491012e-07
"730",729,2.32229379060101e-07,1.39337640379378e-07
"731",730,2.27785390152587e-07,1.36671246544238e-07
"732",731,2.2342644952735e-07,1.34055881697062e-07
"733",732,2.19150922395727e-07,1.31490564963948e-07
"734",733,2.14957211092841e-07,1.2897433774529e-07
"735",734,2.10843747772713e-07,1.2650625933285e-07
"736",735,2.06808993672321e-07,1.24085406468184e-07
"737",736,2.02851457505595e-07,1.21710884379049e-07
"738",737,1.98969656926752e-07,1.19381803657394e-07
"739",738,1.95162138977783e-07,1.17097292527853e-07
"740",739,1.91427480744526e-07,1.14856497241392e-07
"741",740,1.87764285836925e-07,1.12658579963458e-07
"742",741,1.84171184346865e-07,1.10502718748686e-07
"743",742,1.80646852193207e-07,1.08388119147913e-07
"744",743,1.7718996275627e-07,1.06313985188871e-07
"745",744,1.73799224571266e-07,1.04279541992241e-07
"746",745,1.70473370354595e-07,1.02284029187438e-07
"747",746,1.67211156415361e-07,1.00326700559514e-07
"748",747,1.64011365921983e-07,9.84068260091251e-08
"749",748,1.60872815673546e-07,9.65236956153429e-08
"750",749,1.57794325571972e-07,9.46766013189555e-08
"751",750,1.54774745425693e-07,9.28648530046694e-08
"752",751,1.51812946554052e-07,9.10877734637527e-08
"753",752,1.48907821261077e-07,8.93446980782962e-08
"754",753,1.46058289160113e-07,8.7634978615994e-08
"755",754,1.4326329219178e-07,8.59579802409175e-08
"756",755,1.40521780911159e-07,8.43130732858248e-08
"757",756,1.37832730941416e-07,8.26996431243368e-08
"758",757,1.35195137040708e-07,8.11170866110789e-08
"759",758,1.32608012631613e-07,7.95648117993405e-08
"760",759,1.30070398932095e-07,7.80422434196511e-08
"761",760,1.27581349063297e-07,7.65488133444585e-08
"762",761,1.25139930077378e-07,7.50839618048276e-08
"763",762,1.22745229645658e-07,7.36471414033288e-08
"764",763,1.20396352460477e-07,7.22378149551541e-08
"765",764,1.18092419814408e-07,7.08554552356418e-08
"766",765,1.15832581287568e-07,6.94995519926656e-08
"767",766,1.13615988799404e-07,6.81695963777047e-08
"768",767,1.11441813269675e-07,6.68650909424315e-08
"769",768,1.09309242157963e-07,6.55855481624205e-08
"770",769,1.07217478064028e-07,6.43304895973578e-08
"771",770,1.05165739344108e-07,6.3099446260825e-08
"772",771,1.03153269145716e-07,6.18919640411728e-08
"773",772,1.01179310183927e-07,6.07075885672968e-08
"774",773,9.92431249851993e-08,5.95458773549271e-08
"775",774,9.7343989879254e-08,5.8406396201757e-08
"776",775,9.54811946625952e-08,5.72887189855553e-08
"777",776,9.36540451281493e-08,5.61924291819489e-08
"778",777,9.18618648028378e-08,5.51171209069673e-08
"779",778,9.01039801040212e-08,5.40623900109073e-08
"780",779,8.83797342294279e-08,5.30278424122914e-08
"781",780,8.66884826556778e-08,5.20130913969811e-08
"782",781,8.50295928373964e-08,5.10177574376455e-08
"783",782,8.34024485012396e-08,5.00414707701762e-08
"784",783,8.18064445774702e-08,4.90838683526328e-08
"785",784,8.02409821195337e-08,4.81445908169879e-08
"786",785,7.87054761692397e-08,4.72232871882363e-08
"787",786,7.71993526909639e-08,4.6319613044916e-08
"788",787,7.57220483025897e-08,4.54332303576727e-08
"789",788,7.42730161849435e-08,4.45638110349215e-08
"790",789,7.28517147098051e-08,4.37110300996525e-08
"791",790,7.14576114786374e-08,4.28745681126681e-08
"792",791,7.00901855162555e-08,4.20541124887855e-08
"793",792,6.8748925563266e-08,4.12493564722992e-08
"794",793,6.74333298354687e-08,4.04599989926222e-08
"795",794,6.61429134012135e-08,3.96857490907005e-08
"796",795,6.48771910126693e-08,3.89263156177736e-08
"797",796,6.36356896033024e-08,3.81814147338617e-08
"798",797,6.24179451802148e-08,3.74507680431689e-08
"799",798,6.12235023926128e-08,3.67341023351638e-08
"800",799,6.00519152680944e-08,3.60311500263525e-08
"801",800,5.89027511560338e-08,3.53416515263084e-08
"802",801,5.77755777818092e-08,3.46653474702097e-08
"803",802,5.66699740210259e-08,3.40019851833722e-08
"804",803,5.55855266285308e-08,3.33513167186587e-08
"805",804,5.45218300460232e-08,3.27130987410451e-08
"806",805,5.34784882439633e-08,3.20870936327657e-08
"807",806,5.24551144329779e-08,3.14730693201561e-08
"808",807,5.14513241541812e-08,3.0870795127846e-08
"809",808,5.04667423489005e-08,3.02800460205944e-08
"810",809,4.95010009674956e-08,2.97006011685812e-08
"811",810,4.85537387973193e-08,2.91322438441833e-08
"812",811,4.76246043218807e-08,2.85747631374731e-08
"813",812,4.67132514939283e-08,2.80279514200677e-08
"814",813,4.58193384904366e-08,2.74916035981208e-08
"815",814,4.49425312779086e-08,2.69655192515046e-08
"816",815,4.40825020576066e-08,2.6449501700948e-08
"817",816,4.3238929111712e-08,2.59433579157324e-08
"818",817,4.241150059166e-08,2.54469007866925e-08
"819",818,4.15999066518461e-08,2.49599444064402e-08
"820",819,4.08038434839606e-08,2.44823064899652e-08
"821",820,4.00230135908062e-08,2.40138085389257e-08
"822",821,3.92571250210512e-08,2.35542753825e-08
"823",822,3.85058913295356e-08,2.31035351535702e-08
"824",823,3.77690357184619e-08,2.26614217734372e-08
"825",824,3.70462808108506e-08,2.22277688158929e-08
"826",825,3.63373565922459e-08,2.18024142722444e-08
"827",826,3.56419981041578e-08,2.13851991673791e-08
"828",827,3.49599453210464e-08,2.09759674859553e-08
"829",828,3.42909438011985e-08,2.05745665629276e-08
"830",829,3.36347462049697e-08,2.01808479944929e-08
"831",830,3.29911057879307e-08,1.97946637339775e-08
"832",831,3.2359782072559e-08,1.94158694948527e-08
"833",832,3.17405390789838e-08,1.90443236891811e-08
"834",833,3.11331452149822e-08,1.86798873616148e-08
"835",834,3.05373745652856e-08,1.83224249629789e-08
"836",835,2.99530059572514e-08,1.79718037896746e-08
"837",836,2.93798199615092e-08,1.76278921840673e-08
"838",837,2.88176024054521e-08,1.72905616425803e-08
"839",838,2.82661431173538e-08,1.69596860621663e-08
"840",839,2.77252358280013e-08,1.66351416812861e-08
"841",840,2.71946800460649e-08,1.63168082051311e-08
"842",841,2.66742778464664e-08,1.6004566878644e-08
"843",842,2.61638341554065e-08,1.5698300657535e-08
"844",843,2.56631582269151e-08,1.53978950942125e-08
"845",844,2.51720628739025e-08,1.51032378764134e-08
"846",845,2.46903643801976e-08,1.48142187744259e-08
"847",846,2.42178849099538e-08,1.45307310867337e-08
"848",847,2.37544471963519e-08,1.42526684532368e-08
"849",848,2.32998778808384e-08,1.39799268587953e-08
"850",849,2.28540070808177e-08,1.3712404373844e-08
"851",850,2.24166680793169e-08,1.34500009681918e-08
"852",851,2.19876974352961e-08,1.31926185772078e-08
"853",852,2.15669369310411e-08,1.29401622702565e-08
"854",853,2.1154228228712e-08,1.26925370446275e-08
"855",854,2.07494171402812e-08,1.24496503874979e-08
"856",855,2.03523523637989e-08,1.22114115176917e-08
"857",856,1.99628854130554e-08,1.19777313434773e-08
"858",857,1.95808711272587e-08,1.17485227683737e-08
"859",858,1.9206168096036e-08,1.15237009461521e-08
"860",859,1.88386354807654e-08,1.13031813736338e-08
"861",860,1.84781359598832e-08,1.10868816578759e-08
"862",861,1.81245347791805e-08,1.0874720946348e-08
"863",862,1.77776996889061e-08,1.06666198891949e-08
"864",863,1.74375018218339e-08,1.04625011660763e-08
"865",864,1.7103814697926e-08,1.02622888889653e-08
"866",865,1.67765130823852e-08,1.00659079169794e-08
"867",866,1.645547467455e-08,9.87328486971781e-09
"868",867,1.61405794575263e-08,9.68434773704016e-09
"869",868,1.58317096419435e-08,9.49902584532045e-09
"870",869,1.55287508814137e-08,9.31725058672233e-09
"871",870,1.5231589961308e-08,9.13895403246513e-09
"872",871,1.49401155597563e-08,8.96406938942348e-09
"873",872,1.46542187534303e-08,8.79253130359723e-09
"874",873,1.43737926504501e-08,8.62427563985548e-09
"875",874,1.40987323400901e-08,8.45923945175986e-09
"876",875,1.38289364149276e-08,8.29736189485403e-09
"877",876,1.35643034491558e-08,8.13858211365116e-09
"878",877,1.33047345252518e-08,7.98284075763491e-09
"879",878,1.30501326335324e-08,7.83007962099285e-09
"880",879,1.28004025712706e-08,7.68024158208644e-09
"881",880,1.25554510855111e-08,7.53327068914008e-09
"882",881,1.23151877328252e-08,7.38911267609442e-09
"883",882,1.20795221302201e-08,7.24771331315164e-09
"884",883,1.18483662307164e-08,7.10901977212196e-09
"885",884,1.16216336347784e-08,6.97298021328202e-09
"886",885,1.13992395500973e-08,6.83954376124462e-09
"887",886,1.11811011652031e-08,6.70866072912595e-09
"888",887,1.09671376262334e-08,6.58028260460678e-09
"889",888,1.0757268546793e-08,6.45436115584829e-09
"890",889,1.05514155111552e-08,6.33084933341286e-09
"891",890,1.03495015690896e-08,6.20970096716069e-09
"892",891,1.01514511998993e-08,6.09087074467203e-09
"893",892,9.9571908984483e-09,5.97431456286394e-09
"894",893,9.76664832996583e-09,5.85998902087248e-09
"895",894,9.57975202174408e-09,5.74785123507164e-09
"896",895,9.39643213544812e-09,5.63785930245917e-09
"897",896,9.21662013635059e-09,5.52997210219742e-09
"898",897,9.04024876117289e-09,5.424149276318e-09
"899",898,8.86725279819841e-09,5.32035169778981e-09
"900",899,8.69756748227161e-09,5.2185405075184e-09
"901",900,8.53112928827404e-09,5.11867759043166e-09
"902",901,8.36787601674337e-09,5.02072562685115e-09
"903",902,8.20774662778724e-09,4.92464799284045e-09
"904",903,8.0506812263733e-09,4.83040875137921e-09
"905",904,7.89662194819154e-09,4.73797318388052e-09
"906",905,7.7455107978108e-09,4.64730649308478e-09
"907",906,7.5972913217045e-09,4.55837480687522e-09
"908",907,7.45190812347966e-09,4.47114488741522e-09
"909",908,7.30930683816166e-09,4.38558411571923e-09
"910",909,7.16943426161037e-09,4.30166056930241e-09
"911",910,7.03223868922647e-09,4.21934322540445e-09
"912",911,6.89766852976389e-09,4.13860112927701e-09
"913",912,6.7656735051692e-09,4.05940411408736e-09
"914",913,6.63620427778767e-09,3.98172257724201e-09
"915",914,6.50921242736821e-09,3.90552746658969e-09
"916",915,6.38465071376366e-09,3.8307904380415e-09
"917",916,6.26247290386801e-09,3.75748375173326e-09
"918",917,6.14263311706069e-09,3.68557987929208e-09
"919",918,6.02508657502192e-09,3.61505195372555e-09
"920",919,5.90978933596346e-09,3.54587360996022e-09
"921",920,5.79669827406592e-09,3.47801897250396e-09
"922",921,5.68577146456901e-09,3.41146288650013e-09
"923",922,5.5769675353682e-09,3.34618052868553e-09
"924",923,5.47024569775569e-09,3.28214742583508e-09
"925",924,5.36556607136466e-09,3.21933964972823e-09
"926",925,5.26288951994422e-09,3.15773371861405e-09
"927",926,5.16217763297189e-09,3.09730658617868e-09
"928",927,5.06339322230523e-09,3.03803593953625e-09
"929",928,4.96649923538066e-09,2.97989954714826e-09
"930",929,4.87145942341675e-09,2.92287565974552e-09
"931",930,4.77823826808153e-09,2.86694296632849e-09
"932",931,4.68680091293459e-09,2.81208055303262e-09
"933",932,4.59711318263932e-09,2.75826791465562e-09
"934",933,4.50914200223962e-09,2.70548520622354e-09
"935",934,4.42285426550989e-09,2.65371256400073e-09
"936",935,4.33821773544833e-09,2.60293064578583e-09
"937",936,4.25520077849275e-09,2.55312047144127e-09
"938",937,4.17377234981727e-09,2.50426341407125e-09
"939",938,4.09390209590279e-09,2.45634126156408e-09
"940",939,4.015560456207e-09,2.40933627759414e-09
"941",940,3.93871798297442e-09,2.36323079350789e-09
"942",941,3.8633459655805e-09,2.3180075829304e-09
"943",942,3.78941623020029e-09,2.2736497415665e-09
"944",943,3.71690112666048e-09,2.23014067931197e-09
"945",944,3.6457737079257e-09,2.18746422794542e-09
"946",945,3.57600753536321e-09,2.14560452428701e-09
"947",946,3.50757642343454e-09,2.10454585701346e-09
"948",947,3.44045480202868e-09,2.06427288405802e-09
"949",948,3.37461757854047e-09,2.02477054985741e-09
"950",949,3.31004012611334e-09,1.98602407829753e-09
"951",950,3.24669853359172e-09,1.94801912268488e-09
"952",951,3.18456913609434e-09,1.91074148409056e-09
"953",952,3.12362865680003e-09,1.87417719642171e-09
"954",953,3.0638543224796e-09,1.83831259574069e-09
"955",954,3.00522378465363e-09,1.80313427295971e-09
"956",955,2.94771510907892e-09,1.76862906753272e-09
"957",956,2.89130708977605e-09,1.73478425587195e-09
"958",957,2.83597852683947e-09,1.70158711803395e-09
"959",958,2.78170873678193e-09,1.66902524392626e-09
"960",959,2.72847743723332e-09,1.63708646412669e-09
"961",960,2.67626472363526e-09,1.60575883590013e-09
